{"stats":{"minecraft:picked_up":{"minecraft:flint_and_steel":1,"minecraft:crafting_table":1,"minecraft:bone":64,"minecraft:diamond_shovel":1,"minecraft:cactus":64,"minecraft:water_bucket":2,"minecraft:brown_mushroom":64,"minecraft:torch":64,"minecraft:diamond_sword":1,"minecraft:red_mushroom":64,"minecraft:end_portal_frame":12,"minecraft:iron_ingot":64,"minecraft:diamond_axe":1,"minecraft:oak_log":64,"minecraft:ender_eye":12,"minecraft:spruce_sapling":64,"minecraft:oak_sapling":64,"minecraft:sugar_cane":64,"minecraft:birch_sapling":64,"minecraft:obsidian":64,"minecraft:coal":64,"minecraft:red_bed":1,"minecraft:diamond_pickaxe":1},"minecraft:custom":{"minecraft:time_since_rest":213,"minecraft:open_chest":1,"minecraft:deaths":1,"minecraft:sprint_one_cm":1871,"minecraft:damage_taken":70,"minecraft:play_time":12792,"minecraft:walk_one_cm":999,"minecraft:sneak_time":311,"minecraft:jump":10,"minecraft:leave_game":1,"minecraft:time_since_death":187,"minecraft:total_world_time":12960,"minecraft:fall_one_cm":1190,"minecraft:fly_one_cm":1755984}},"DataVersion":3465}