{"stats":{"minecraft:custom":{"minecraft:jump":14,"minecraft:time_since_rest":15111,"minecraft:leave_game":3,"minecraft:play_time":15111,"minecraft:sprint_one_cm":10090,"minecraft:damage_taken":20,"minecraft:time_since_death":15111,"minecraft:walk_one_cm":6258,"minecraft:sneak_time":136,"minecraft:total_world_time":15111,"minecraft:fall_one_cm":484,"minecraft:fly_one_cm":132588},"minecraft:used":{"minecraft:cyan_terracotta":6,"minecraft:cobbled_deepslate":99,"minecraft:light_gray_concrete":6,"minecraft:cobbled_deepslate_slab":33}},"DataVersion":3465}