{"stats":{"minecraft:custom":{"minecraft:jump":18,"minecraft:time_since_rest":27111,"minecraft:crouch_one_cm":365,"minecraft:leave_game":3,"minecraft:play_time":27111,"minecraft:sprint_one_cm":10651,"minecraft:damage_taken":20,"minecraft:time_since_death":27111,"minecraft:walk_one_cm":8492,"minecraft:sneak_time":768,"minecraft:total_world_time":27111,"minecraft:fall_one_cm":484,"minecraft:fly_one_cm":221919},"minecraft:used":{"create:handheld_worldshaper":1,"minecraft:stone_stairs":6,"minecraft:stone":10,"minecraft:cyan_terracotta":6,"minecraft:polished_blackstone_brick_stairs":13,"minecraft:cobbled_deepslate":319,"minecraft:stripped_spruce_log":10,"minecraft:light_gray_concrete":10,"minecraft:cobbled_deepslate_slab":66}},"DataVersion":3465}