{"stats":{"minecraft:custom":{"minecraft:time_since_rest":104847,"minecraft:crouch_one_cm":6252,"minecraft:sprint_one_cm":16091,"minecraft:play_time":104847,"minecraft:damage_taken":20,"minecraft:walk_one_cm":38551,"minecraft:sneak_time":5974,"minecraft:drop":1,"minecraft:jump":71,"minecraft:leave_game":21,"minecraft:time_since_death":104847,"minecraft:total_world_time":104847,"minecraft:fall_one_cm":484,"minecraft:fly_one_cm":685812},"minecraft:dropped":{"minecraft:cobbled_deepslate":1},"minecraft:used":{"minecraft:deepslate_tiles":21,"minecraft:dark_oak_planks":100,"create:handheld_worldshaper":14,"minecraft:stripped_mangrove_log":59,"minecraft:dark_oak_trapdoor":10,"minecraft:cyan_terracotta":136,"minecraft:mangrove_wood":43,"minecraft:mangrove_log":1,"minecraft:red_nether_brick_wall":12,"minecraft:cobbled_deepslate_slab":66,"minecraft:light_gray_concrete":24,"minecraft:deepslate_tile_stairs":46,"minecraft:spruce_stairs":3,"minecraft:stone_shovel":11,"minecraft:polished_blackstone":67,"minecraft:oak_planks":7,"minecraft:mangrove_fence_gate":41,"minecraft:stone_stairs":6,"minecraft:deepslate_tile_slab":74,"minecraft:campfire":12,"minecraft:spruce_planks":60,"minecraft:stone":10,"minecraft:polished_blackstone_brick_stairs":13,"minecraft:cobbled_deepslate":319,"minecraft:orange_stained_glass_pane":13,"minecraft:mangrove_fence":35,"minecraft:stripped_spruce_log":67,"minecraft:polished_blackstone_stairs":7},"minecraft:picked_up":{"minecraft:cobbled_deepslate":1}},"DataVersion":3465}