{"stats":{"minecraft:custom":{"minecraft:time_since_rest":44761,"minecraft:crouch_one_cm":2391,"minecraft:sprint_one_cm":13623,"minecraft:play_time":44761,"minecraft:damage_taken":20,"minecraft:walk_one_cm":31747,"minecraft:sneak_time":2426,"minecraft:jump":40,"minecraft:leave_game":4,"minecraft:time_since_death":44761,"minecraft:total_world_time":44761,"minecraft:fall_one_cm":484,"minecraft:fly_one_cm":327240},"minecraft:used":{"create:handheld_worldshaper":14,"minecraft:dark_oak_planks":69,"minecraft:dark_oak_trapdoor":10,"minecraft:cyan_terracotta":122,"minecraft:cobbled_deepslate_slab":66,"minecraft:light_gray_concrete":10,"minecraft:stone_shovel":11,"minecraft:polished_blackstone":11,"minecraft:mangrove_fence_gate":1,"minecraft:stone_stairs":6,"minecraft:campfire":12,"minecraft:polished_blackstone_brick_stairs":13,"minecraft:stone":10,"minecraft:cobbled_deepslate":319,"minecraft:mangrove_fence":9,"minecraft:stripped_spruce_log":10}},"DataVersion":3465}