{"stats":{"minecraft:custom":{"minecraft:time_since_rest":61791,"minecraft:crouch_one_cm":3973,"minecraft:sprint_one_cm":13864,"minecraft:play_time":61791,"minecraft:damage_taken":20,"minecraft:walk_one_cm":32818,"minecraft:sneak_time":3137,"minecraft:jump":49,"minecraft:leave_game":14,"minecraft:time_since_death":61791,"minecraft:total_world_time":61791,"minecraft:fall_one_cm":484,"minecraft:fly_one_cm":419977},"minecraft:used":{"create:handheld_worldshaper":14,"minecraft:dark_oak_planks":92,"minecraft:dark_oak_trapdoor":10,"minecraft:cyan_terracotta":136,"minecraft:cobbled_deepslate_slab":66,"minecraft:light_gray_concrete":23,"minecraft:stone_shovel":11,"minecraft:polished_blackstone":16,"minecraft:mangrove_fence_gate":10,"minecraft:stone_stairs":6,"minecraft:campfire":12,"minecraft:polished_blackstone_brick_stairs":13,"minecraft:stone":10,"minecraft:cobbled_deepslate":319,"minecraft:mangrove_fence":9,"minecraft:stripped_spruce_log":42}},"DataVersion":3465}