{"stats":{"minecraft:custom":{"minecraft:time_since_rest":83714,"minecraft:crouch_one_cm":5304,"minecraft:sprint_one_cm":14049,"minecraft:play_time":83714,"minecraft:damage_taken":20,"minecraft:walk_one_cm":35516,"minecraft:sneak_time":4525,"minecraft:drop":1,"minecraft:jump":58,"minecraft:leave_game":14,"minecraft:time_since_death":83714,"minecraft:total_world_time":83714,"minecraft:fall_one_cm":484,"minecraft:fly_one_cm":497286},"minecraft:dropped":{"minecraft:cobbled_deepslate":1},"minecraft:used":{"minecraft:stripped_mangrove_log":59,"create:handheld_worldshaper":14,"minecraft:dark_oak_planks":100,"minecraft:dark_oak_trapdoor":10,"minecraft:cyan_terracotta":136,"minecraft:mangrove_wood":19,"minecraft:mangrove_log":1,"minecraft:red_nether_brick_wall":12,"minecraft:cobbled_deepslate_slab":66,"minecraft:light_gray_concrete":23,"minecraft:deepslate_tile_stairs":8,"minecraft:spruce_stairs":1,"minecraft:stone_shovel":11,"minecraft:polished_blackstone":46,"minecraft:oak_planks":7,"minecraft:mangrove_fence_gate":34,"minecraft:stone_stairs":6,"minecraft:deepslate_tile_slab":27,"minecraft:campfire":12,"minecraft:spruce_planks":60,"minecraft:polished_blackstone_brick_stairs":13,"minecraft:stone":10,"minecraft:cobbled_deepslate":319,"minecraft:orange_stained_glass_pane":13,"minecraft:mangrove_fence":35,"minecraft:stripped_spruce_log":66},"minecraft:picked_up":{"minecraft:cobbled_deepslate":1}},"DataVersion":3465}