{"stats":{"minecraft:custom":{"minecraft:time_since_rest":71714,"minecraft:crouch_one_cm":3973,"minecraft:sprint_one_cm":14049,"minecraft:play_time":71714,"minecraft:damage_taken":20,"minecraft:walk_one_cm":33031,"minecraft:sneak_time":3316,"minecraft:drop":1,"minecraft:jump":51,"minecraft:leave_game":14,"minecraft:time_since_death":71714,"minecraft:total_world_time":71714,"minecraft:fall_one_cm":484,"minecraft:fly_one_cm":441379},"minecraft:dropped":{"minecraft:cobbled_deepslate":1},"minecraft:used":{"minecraft:stripped_mangrove_log":59,"create:handheld_worldshaper":14,"minecraft:dark_oak_planks":98,"minecraft:dark_oak_trapdoor":10,"minecraft:cyan_terracotta":136,"minecraft:cobbled_deepslate_slab":66,"minecraft:light_gray_concrete":23,"minecraft:stone_shovel":11,"minecraft:polished_blackstone":35,"minecraft:mangrove_fence_gate":29,"minecraft:stone_stairs":6,"minecraft:campfire":12,"minecraft:polished_blackstone_brick_stairs":13,"minecraft:stone":10,"minecraft:cobbled_deepslate":319,"minecraft:mangrove_fence":35,"minecraft:stripped_spruce_log":49},"minecraft:picked_up":{"minecraft:cobbled_deepslate":1}},"DataVersion":3465}