{"stats":{"minecraft:used":{"minecraft:oak_fence":17,"create:clipboard":1,"minecraft:light_blue_banner":54,"minecraft:water_bucket":1,"minecraft:netherite_sword":5,"supplementaries:flag_white":4,"framedblocks:framed_slope":53,"minecraft:oak_planks":4,"minecraft:elytra":1,"minecraft:stone":3,"farmersdelight:birch_cabinet":5,"framedblocks:framed_wall":21,"minecraft:glow_item_frame":367,"supplementaries:globe":3,"minecraft:dirt":2569,"minecraft:sand":178,"easy_npc:humanoid_slim_spawn_egg":2,"supplementaries:faucet":11,"minecraft:yellow_concrete":321,"minecraft:stone_brick_wall":1,"minecraft:black_concrete_powder":25,"minecraft:redstone_torch":2,"supplementaries:jar":1,"minecraft:sea_lantern":21,"minecraft:black_concrete":54,"minecraft:firework_rocket":718,"minecraft:bricks":322,"minecraft:heavy_weighted_pressure_plate":5,"realismvehicle:audi_e_tron_gt":1,"minecraft:map":3,"minecraft:iron_door":2,"supplementaries:speaker_block":5,"minecraft:item_frame":13,"easy_npc:fairy_spawn_egg":1,"minecraft:magenta_banner":18,"framedblocks:framed_elevated_slope_slab":1,"minecraft:smooth_stone_slab":91,"supplementaries:statue":2,"minecraft:white_concrete":181,"immersive_aircraft:biplane":1,"minecraft:smooth_stone":769},"minecraft:picked_up":{"minecraft:wooden_axe":1,"minecraft:chicken":1,"minecraft:iron_door":1,"minecraft:brown_mushroom":2,"minecraft:filled_map":137,"minecraft:heavy_weighted_pressure_plate":1,"minecraft:item_frame":186,"minecraft:light_blue_banner":11,"minecraft:wheat_seeds":5,"minecraft:glow_item_frame":1,"minecraft:porkchop":11,"tacz:modern_kinetic_gun":1,"minecraft:writable_book":6,"minecraft:mutton":3,"minecraft:white_wool":2},"minecraft:dropped":{"minecraft:water_bucket":1,"minecraft:magenta_banner":1,"framedblocks:framed_slope":1,"minecraft:smooth_stone_slab":1,"minecraft:oak_fence":1,"supplementaries:faucet":1,"minecraft:glow_item_frame":2,"create:netherite_diving_boots":1,"supplementaries:globe":1,"laendli_transport:clothing_a_4_summer_leggings":1,"minecraft:grass_block":1,"minecraft:dirt":2,"minecraft:sea_lantern":1,"minecraft:black_concrete_powder":1,"minecraft:wooden_axe":2,"minecraft:iron_door":3,"minecraft:map":1,"minecraft:redstone_torch":2,"minecraft:writable_book":2,"tacz:modern_kinetic_gun":1,"create:goggles":1,"supplementaries:statue":1,"minecraft:sand":1,"minecraft:black_concrete":1,"minecraft:white_wool":1,"framedblocks:framed_elevated_slope_slab":1},"minecraft:mined":{"minecraft:tall_grass":1,"minecraft:smooth_stone":1,"minecraft:black_concrete":12,"minecraft:smooth_stone_slab":2,"minecraft:grass":2},"minecraft:custom":{"minecraft:leave_game":10,"minecraft:time_since_death":76926,"minecraft:time_since_rest":76979,"minecraft:sprint_one_cm":69206,"minecraft:damage_taken":91,"minecraft:walk_one_cm":584079,"minecraft:drop":31,"minecraft:damage_dealt":466,"minecraft:damage_dealt_absorbed":9,"minecraft:fly_one_cm":3258433,"minecraft:crouch_one_cm":2592,"minecraft:play_time":268467,"minecraft:deaths":1,"minecraft:sneak_time":3387,"minecraft:aviate_one_cm":2762250,"minecraft:jump":663,"minecraft:walk_on_water_one_cm":8011,"minecraft:total_world_time":268467,"minecraft:fall_one_cm":928}},"DataVersion":3465}