{"stats":{"minecraft:custom":{"minecraft:time_since_rest":73200,"minecraft:sprint_one_cm":21456,"minecraft:damage_taken":55,"minecraft:walk_one_cm":138361,"minecraft:drop":7,"minecraft:fly_one_cm":331879,"minecraft:crouch_one_cm":330,"minecraft:play_time":73200,"minecraft:sneak_time":819,"minecraft:aviate_one_cm":164122,"minecraft:jump":150,"minecraft:leave_game":2,"minecraft:time_since_death":73200,"minecraft:total_world_time":73200,"minecraft:fall_one_cm":209},"minecraft:dropped":{"minecraft:water_bucket":1,"minecraft:iron_door":2,"minecraft:map":1,"minecraft:glow_item_frame":2,"tacz:modern_kinetic_gun":1},"minecraft:used":{"minecraft:oak_fence":17,"supplementaries:jar":1,"create:clipboard":1,"minecraft:light_blue_banner":54,"minecraft:water_bucket":1,"minecraft:sea_lantern":12,"minecraft:firework_rocket":31,"supplementaries:flag_white":4,"minecraft:heavy_weighted_pressure_plate":3,"realismvehicle:audi_e_tron_gt":1,"minecraft:elytra":1,"minecraft:map":3,"minecraft:stone":3,"farmersdelight:birch_cabinet":5,"minecraft:iron_door":1,"supplementaries:speaker_block":4,"minecraft:item_frame":13,"minecraft:glow_item_frame":367,"easy_npc:fairy_spawn_egg":1,"minecraft:magenta_banner":18,"supplementaries:globe":3,"easy_npc:humanoid_slim_spawn_egg":2,"supplementaries:faucet":11,"supplementaries:statue":2,"minecraft:white_concrete":180,"immersive_aircraft:biplane":1},"minecraft:picked_up":{"minecraft:iron_door":1,"minecraft:glow_item_frame":1,"minecraft:filled_map":137,"minecraft:item_frame":186,"minecraft:light_blue_banner":11,"tacz:modern_kinetic_gun":1,"minecraft:writable_book":6}},"DataVersion":3465}