{"stats":{"minecraft:mined":{"minecraft:smooth_stone":1},"minecraft:custom":{"minecraft:time_since_rest":139105,"minecraft:sprint_one_cm":36051,"minecraft:damage_taken":55,"minecraft:walk_one_cm":329121,"minecraft:drop":8,"minecraft:damage_dealt":336,"minecraft:fly_one_cm":1569650,"minecraft:crouch_one_cm":1092,"minecraft:play_time":139105,"minecraft:sneak_time":2198,"minecraft:aviate_one_cm":224717,"minecraft:jump":360,"minecraft:leave_game":3,"minecraft:walk_on_water_one_cm":8011,"minecraft:time_since_death":139105,"minecraft:total_world_time":139105,"minecraft:fall_one_cm":209},"minecraft:dropped":{"minecraft:water_bucket":1,"minecraft:wooden_axe":1,"minecraft:iron_door":2,"minecraft:map":1,"minecraft:glow_item_frame":2,"tacz:modern_kinetic_gun":1},"minecraft:used":{"minecraft:redstone_torch":2,"minecraft:oak_fence":17,"supplementaries:jar":1,"create:clipboard":1,"minecraft:light_blue_banner":54,"minecraft:netherite_sword":5,"minecraft:water_bucket":1,"minecraft:black_concrete":3,"minecraft:sea_lantern":12,"minecraft:firework_rocket":34,"supplementaries:flag_white":4,"minecraft:heavy_weighted_pressure_plate":5,"realismvehicle:audi_e_tron_gt":1,"minecraft:elytra":1,"minecraft:map":3,"minecraft:stone":3,"farmersdelight:birch_cabinet":5,"minecraft:iron_door":2,"supplementaries:speaker_block":5,"minecraft:item_frame":13,"easy_npc:fairy_spawn_egg":1,"minecraft:glow_item_frame":367,"minecraft:magenta_banner":18,"supplementaries:globe":3,"minecraft:dirt":452,"minecraft:sand":178,"easy_npc:humanoid_slim_spawn_egg":2,"supplementaries:faucet":11,"minecraft:yellow_concrete":105,"minecraft:smooth_stone_slab":23,"supplementaries:statue":2,"minecraft:white_concrete":181,"immersive_aircraft:biplane":1,"minecraft:black_concrete_powder":24,"minecraft:smooth_stone":315},"minecraft:picked_up":{"minecraft:iron_door":1,"minecraft:glow_item_frame":1,"minecraft:filled_map":137,"minecraft:heavy_weighted_pressure_plate":1,"minecraft:item_frame":186,"minecraft:light_blue_banner":11,"tacz:modern_kinetic_gun":1,"minecraft:writable_book":6,"minecraft:mutton":3,"minecraft:white_wool":1,"minecraft:wooden_axe":1}},"DataVersion":3465}