{"stats":{"minecraft:mined":{"minecraft:smooth_stone":1,"minecraft:smooth_stone_slab":2},"minecraft:custom":{"minecraft:time_since_rest":20705,"minecraft:sprint_one_cm":56409,"minecraft:damage_taken":55,"minecraft:walk_one_cm":514104,"minecraft:drop":31,"minecraft:damage_dealt":342,"minecraft:fly_one_cm":2783476,"minecraft:crouch_one_cm":1233,"minecraft:play_time":212193,"minecraft:deaths":1,"minecraft:sneak_time":2701,"minecraft:aviate_one_cm":1522461,"minecraft:jump":535,"minecraft:leave_game":6,"minecraft:walk_on_water_one_cm":8011,"minecraft:time_since_death":20652,"minecraft:total_world_time":212193,"minecraft:fall_one_cm":209},"minecraft:dropped":{"minecraft:water_bucket":1,"minecraft:sea_lantern":1,"minecraft:black_concrete_powder":1,"framedblocks:framed_slope":1,"minecraft:smooth_stone_slab":1,"minecraft:wooden_axe":2,"supplementaries:faucet":1,"minecraft:oak_fence":1,"supplementaries:globe":1,"minecraft:iron_door":3,"minecraft:map":1,"minecraft:writable_book":2,"minecraft:redstone_torch":2,"minecraft:glow_item_frame":2,"create:netherite_diving_boots":1,"tacz:modern_kinetic_gun":1,"minecraft:sand":1,"supplementaries:statue":1,"create:goggles":1,"laendli_transport:clothing_a_4_summer_leggings":1,"minecraft:black_concrete":1,"minecraft:white_wool":1,"minecraft:grass_block":1,"minecraft:dirt":2,"framedblocks:framed_elevated_slope_slab":1,"minecraft:magenta_banner":1},"minecraft:used":{"minecraft:redstone_torch":2,"minecraft:oak_fence":17,"supplementaries:jar":1,"minecraft:light_blue_banner":54,"minecraft:netherite_sword":5,"minecraft:water_bucket":1,"minecraft:black_concrete":54,"minecraft:sea_lantern":12,"minecraft:firework_rocket":342,"supplementaries:flag_white":4,"minecraft:heavy_weighted_pressure_plate":5,"framedblocks:framed_slope":53,"minecraft:elytra":1,"minecraft:map":3,"realismvehicle:audi_e_tron_gt":1,"minecraft:stone":3,"farmersdelight:birch_cabinet":5,"minecraft:iron_door":2,"supplementaries:speaker_block":5,"framedblocks:framed_wall":21,"minecraft:item_frame":13,"supplementaries:globe":3,"minecraft:glow_item_frame":367,"easy_npc:fairy_spawn_egg":1,"minecraft:magenta_banner":18,"minecraft:dirt":1165,"minecraft:sand":178,"easy_npc:humanoid_slim_spawn_egg":2,"framedblocks:framed_elevated_slope_slab":1,"supplementaries:faucet":11,"minecraft:yellow_concrete":321,"minecraft:smooth_stone_slab":91,"supplementaries:statue":2,"minecraft:white_concrete":181,"immersive_aircraft:biplane":1,"minecraft:black_concrete_powder":25,"minecraft:smooth_stone":768,"create:clipboard":1},"minecraft:picked_up":{"minecraft:wooden_axe":1,"minecraft:iron_door":1,"minecraft:glow_item_frame":1,"minecraft:filled_map":137,"minecraft:heavy_weighted_pressure_plate":1,"minecraft:item_frame":186,"minecraft:light_blue_banner":11,"minecraft:wheat_seeds":5,"tacz:modern_kinetic_gun":1,"minecraft:writable_book":6,"minecraft:mutton":3,"minecraft:white_wool":1}},"DataVersion":3465}