{"stats":{"minecraft:killed":{"alexsmobs:dropbear":1,"alexsmobs:mimicube":1,"laendli_transport:dreadnought":1,"alexsmobs:raccoon":1,"laendli_transport:boxcannon":2,"minecraft:dolphin":1,"laendli_transport:bike":1,"minecraft:trader_llama":1,"laendli_transport:crab":4,"alexsmobs:cockroach":1,"minecraft:zombie":6,"alexsmobs:moose":2,"laendli_transport:boat_2":1,"alexsmobs:fly":4,"alexsmobs:mungus":1,"laendli_transport:plugturret":1,"alexsmobs:flying_fish":1,"minecraft:cow":1},"minecraft:mined":{"minecraft:andesite_stairs":5,"minecraft:grass_block":203,"minecraft:blue_concrete":204,"minecraft:cobblestone":304,"minecraft:air":3,"minecraft:smooth_stone":1,"supplementaries:checker_block":301,"minecraft:andesite":3,"minecraft:dirt":21},"minecraft:custom":{"minecraft:mob_kills":32,"minecraft:damage_dealt_resisted":129,"minecraft:leave_game":38,"minecraft:time_since_death":175694,"minecraft:damage_resisted":140,"minecraft:time_since_rest":175819,"minecraft:sprint_one_cm":375442,"minecraft:walk_one_cm":980363,"minecraft:damage_taken":1734,"minecraft:damage_absorbed":160,"minecraft:drop":13,"minecraft:damage_dealt":345,"minecraft:damage_dealt_absorbed":320,"minecraft:fly_one_cm":1598204,"minecraft:player_kills":1,"minecraft:crouch_one_cm":883,"minecraft:play_time":568312,"minecraft:deaths":7,"minecraft:sneak_time":2342,"minecraft:walk_under_water_one_cm":10825,"minecraft:aviate_one_cm":339774,"minecraft:jump":1951,"minecraft:walk_on_water_one_cm":1568,"minecraft:total_world_time":568312,"minecraft:fall_one_cm":627},"minecraft:killed_by":{"minecraft:player":5},"minecraft:dropped":{"walkietalkie:wooden_walkietalkie":1,"minecraft:wheat_seeds":1,"minecraft:smooth_stone_slab":1,"immersive_aircraft:industrial_gears":1,"alexsmobs:spawn_egg_alligator_snapping_turtle":1,"tacz:modern_kinetic_gun":6,"minecraft:firework_rocket":1},"minecraft:used":{"minecraft:diamond_boots":1,"create:netherite_diving_helmet":1,"minecraft:elytra":2,"tacz:gun_smith_table":1,"minecraft:stone":19,"minecraft:zombie_spawn_egg":5,"laendli_transport:clothing_b_2_chestplate":1,"laendli_transport:clothing_b_1_armor_chestplate":2,"immersive_aircraft:warship":2,"immersive_aircraft:quadrocopter":1,"minecraft:dirt":10,"laendli_transport:clothing_a_armor_leggings":2,"framedblocks:framed_stacked_slope_edge":2,"minecraft:crafting_table":1,"alexsmobs:spawn_egg_dropbear":1,"laendli_transport:clothing_b_1_armor_leggings":2,"minecraft:diamond_helmet":1,"laendli_transport:clothing_a_armor_helmet":1,"minecraft:netherite_helmet":6,"minecraft:black_concrete_powder":6,"railways:track_dark_oak_wide":1,"laendli_transport:clothing_a_4_summer_helmet":1,"realismvehicle:bmwm_4":2,"alexsmobs:maggot":2,"alexsmobs:spawn_egg_mungus":1,"minecraft:black_concrete":4,"minecraft:firework_rocket":21,"laendli_transport:clothing_c_1_bomber_helmet":9,"alexsmobs:spawn_egg_alligator_snapping_turtle":1,"minecraft:grass_block":114,"realismvehicle:audi_e_tron_gt":1,"laendli_transport:clothing_c_1_bomber_chestplate":1,"minecraft:stone_bricks":9,"easy_npc:villager_spawn_egg":1,"minecraft:diamond_chestplate":1,"minecraft:cobblestone":1,"minecraft:bow":1,"laendli_transport:clothing_x_1_diver_chestplate":1,"minecraft:cyan_stained_glass_pane":8,"laendli_transport:clothing_a_armor_chestplate":2,"immersive_aircraft:gyrodyne":1,"alexsmobs:spawn_egg_moose":2,"minecraft:glass_pane":5,"minecraft:smooth_stone_slab":7,"alexsmobs:animal_dictionary":6,"minecraft:egg":1,"immersive_aircraft:biplane":3,"supplementaries:checker_block":8,"laendli_transport:clothing_b_1_armor_helmet":1,"laendli_transport:clothing_a_3_armor_leggings":1,"minecraft:diamond_leggings":1,"minecraft:enchanted_golden_apple":1,"minecraft:smooth_stone":6,"laendli_transport:clothing_a_4_summer_chestplate":1},"minecraft:picked_up":{"minecraft:cocoa_beans":3,"minecraft:iron_door":2,"artifacts:bunny_hoppers":1,"artifacts:cloud_in_a_bottle":1,"walkietalkie:netherite_walkietalkie":1,"minecraft:dirt":3,"immersive_aircraft:biplane":3,"minecraft:smooth_stone_slab":1,"minecraft:bone":1,"minecraft:wheat_seeds":1,"minecraft:beef":2,"minecraft:egg":1,"walkietalkie:wooden_walkietalkie":2,"minecraft:grass_block":2,"minecraft:blue_carpet":61,"minecraft:firework_rocket":1,"minecraft:arrow":1,"minecraft:rotten_flesh":2,"tacz:modern_kinetic_gun":6,"immersive_aircraft:quadrocopter":1,"alexsmobs:maggot":8}},"DataVersion":3465}