{"stats":{"minecraft:killed":{"minecraft:skeleton":1,"minecraft:zombie":3,"alexsmobs:crow":1,"minecraft:spider":3,"minecraft:creeper":1,"minecraft:enderman":1,"laendli_transport:airship":1},"minecraft:mined":{"minecraft:dark_oak_planks":1},"minecraft:custom":{"minecraft:time_since_rest":17098,"minecraft:sprint_one_cm":89211,"minecraft:damage_taken":959,"minecraft:walk_one_cm":239851,"minecraft:mob_kills":11,"minecraft:drop":4,"minecraft:damage_dealt":2109,"minecraft:fly_one_cm":1064545,"minecraft:open_chest":1,"minecraft:deaths":3,"minecraft:crouch_one_cm":23888,"minecraft:play_time":141175,"minecraft:sneak_time":8770,"minecraft:walk_under_water_one_cm":5916,"minecraft:aviate_one_cm":67162,"minecraft:jump":503,"minecraft:leave_game":1,"minecraft:walk_on_water_one_cm":10293,"minecraft:time_since_death":17059,"minecraft:total_world_time":141175,"minecraft:fall_one_cm":2878},"minecraft:killed_by":{"minecraft:player":2},"minecraft:dropped":{"minecraft:filled_map":1,"easy_npc:easy_npc_wand":1,"minecraft:composter":1,"minecraft:spider_eye":1},"minecraft:used":{"framedblocks:framed_flat_double_slope_slab_corner":1,"minecraft:dark_oak_planks":132,"minecraft:wooden_axe":1,"minecraft:netherite_sword":31,"minecraft:black_concrete":1,"minecraft:cyan_terracotta":8,"laendli_transport:item_boxcannon":1,"laendli_transport:clothing_c_1_bomber_helmet":2,"minecraft:light_gray_concrete":8,"minecraft:smooth_quartz_slab":1,"framedblocks:framed_slope":1,"minecraft:grass_block":345,"minecraft:elytra":1,"laendli_transport:clothing_b_2_helmet":1,"minecraft:oak_planks":6,"realismvehicle:audi_e_tron_gt":1,"minecraft:polished_andesite_stairs":10,"framedblocks:framed_corner_pillar":5,"tacz:gun_smith_table":1,"minecraft:stone":66,"minecraft:composter":5,"minecraft:smooth_quartz":1,"laendli_transport:clothing_b_2_chestplate":1,"railways:iron_wrapped_locometal_boiler":1,"laendli_transport:clothing_c_1_bomber_chestplate":1,"minecraft:stone_bricks":1,"framedblocks:framed_compound_slope_slab":1,"minecraft:white_wool":1,"framedblocks:framed_slope_edge":3,"laendli_transport:clothing_b_2_leggings":1,"minecraft:sand":17,"laendli_transport:clothing_a_armor_leggings":1,"easy_npc:humanoid_slim_spawn_egg":1,"walkietalkie:speaker":1,"framedblocks:framed_elevated_slope_slab":1,"minecraft:blue_stained_glass":2,"laendli_transport:item_airship":2,"laendli_transport:clothing_a_armor_chestplate":1,"minecraft:gold_block":4,"minecraft:glass_pane":9,"minecraft:smooth_stone_slab":66,"alexsmobs:spawn_egg_guster":2,"minecraft:gray_concrete":8,"minecraft:beehive":14,"minecraft:orange_stained_glass_pane":8,"supplementaries:slice_map":1},"minecraft:picked_up":{"minecraft:spider_eye":3,"minecraft:arrow":2,"minecraft:bone":1,"alexsmobs:guster_eye":1,"minecraft:rotten_flesh":3,"minecraft:wheat_seeds":108}},"DataVersion":3465}