{"stats":{"minecraft:killed":{"minecraft:zombie":1,"minecraft:enderman":1,"laendli_transport:airship":1},"minecraft:mined":{"minecraft:dark_oak_planks":1},"minecraft:custom":{"minecraft:time_since_rest":57247,"minecraft:sprint_one_cm":23076,"minecraft:walk_one_cm":74675,"minecraft:mob_kills":3,"minecraft:drop":2,"minecraft:damage_dealt":917,"minecraft:fly_one_cm":210749,"minecraft:crouch_one_cm":3256,"minecraft:play_time":57247,"minecraft:sneak_time":1538,"minecraft:walk_under_water_one_cm":63,"minecraft:jump":115,"minecraft:walk_on_water_one_cm":144,"minecraft:time_since_death":57247,"minecraft:total_world_time":57247},"minecraft:dropped":{"minecraft:filled_map":1,"easy_npc:easy_npc_wand":1},"minecraft:used":{"framedblocks:framed_flat_double_slope_slab_corner":1,"minecraft:wooden_axe":1,"minecraft:netherite_sword":13,"minecraft:cyan_terracotta":8,"laendli_transport:item_boxcannon":1,"laendli_transport:clothing_c_1_bomber_helmet":2,"minecraft:light_gray_concrete":8,"minecraft:smooth_quartz_slab":1,"laendli_transport:clothing_b_2_helmet":1,"minecraft:oak_planks":6,"realismvehicle:audi_e_tron_gt":1,"minecraft:polished_andesite_stairs":8,"tacz:gun_smith_table":1,"minecraft:smooth_quartz":1,"laendli_transport:clothing_b_2_chestplate":1,"railways:iron_wrapped_locometal_boiler":1,"laendli_transport:clothing_c_1_bomber_chestplate":1,"laendli_transport:clothing_b_2_leggings":1,"laendli_transport:clothing_a_armor_leggings":1,"easy_npc:humanoid_slim_spawn_egg":1,"walkietalkie:speaker":1,"laendli_transport:item_airship":2,"laendli_transport:clothing_a_armor_chestplate":1,"alexsmobs:spawn_egg_guster":2,"minecraft:gray_concrete":8,"supplementaries:slice_map":1},"minecraft:picked_up":{"alexsmobs:guster_eye":1,"minecraft:rotten_flesh":2}},"DataVersion":3465}