{"stats":{"minecraft:killed":{"laendli_transport:airship":1},"minecraft:custom":{"minecraft:jump":54,"minecraft:time_since_rest":15247,"minecraft:damage_dealt":581,"minecraft:crouch_one_cm":862,"minecraft:walk_on_water_one_cm":144,"minecraft:sprint_one_cm":6593,"minecraft:play_time":15247,"minecraft:time_since_death":15247,"minecraft:walk_one_cm":19044,"minecraft:sneak_time":350,"minecraft:total_world_time":15247,"minecraft:walk_under_water_one_cm":63,"minecraft:mob_kills":1,"minecraft:drop":1,"minecraft:fly_one_cm":69398},"minecraft:dropped":{"minecraft:filled_map":1},"minecraft:used":{"minecraft:oak_planks":6,"minecraft:netherite_sword":8,"supplementaries:slice_map":1,"laendli_transport:item_airship":1}},"DataVersion":3465}