{"stats":{"minecraft:killed":{"minecraft:zombie":1,"laendli_transport:airship":1},"minecraft:mined":{"minecraft:dark_oak_planks":1},"minecraft:custom":{"minecraft:time_since_rest":27247,"minecraft:crouch_one_cm":1393,"minecraft:play_time":27247,"minecraft:sprint_one_cm":11446,"minecraft:walk_one_cm":39888,"minecraft:sneak_time":547,"minecraft:walk_under_water_one_cm":63,"minecraft:mob_kills":2,"minecraft:drop":1,"minecraft:jump":67,"minecraft:damage_dealt":797,"minecraft:time_since_death":27247,"minecraft:walk_on_water_one_cm":144,"minecraft:total_world_time":27247,"minecraft:fly_one_cm":89766},"minecraft:dropped":{"minecraft:filled_map":1},"minecraft:used":{"minecraft:wooden_axe":1,"minecraft:netherite_sword":12,"laendli_transport:item_boxcannon":1,"laendli_transport:clothing_c_1_bomber_helmet":1,"minecraft:smooth_quartz_slab":1,"laendli_transport:item_airship":2,"minecraft:oak_planks":6,"tacz:gun_smith_table":1,"supplementaries:slice_map":1,"railways:iron_wrapped_locometal_boiler":1,"laendli_transport:clothing_c_1_bomber_chestplate":1},"minecraft:picked_up":{"minecraft:rotten_flesh":2}},"DataVersion":3465}