{"stats":{"minecraft:killed":{"minecraft:zombie":1,"minecraft:enderman":1,"laendli_transport:airship":1},"minecraft:mined":{"minecraft:dark_oak_planks":1},"minecraft:custom":{"minecraft:time_since_rest":39247,"minecraft:crouch_one_cm":2063,"minecraft:play_time":39247,"minecraft:sprint_one_cm":16310,"minecraft:walk_one_cm":62071,"minecraft:sneak_time":809,"minecraft:walk_under_water_one_cm":63,"minecraft:mob_kills":3,"minecraft:drop":2,"minecraft:jump":83,"minecraft:damage_dealt":917,"minecraft:time_since_death":39247,"minecraft:walk_on_water_one_cm":144,"minecraft:total_world_time":39247,"minecraft:fly_one_cm":135471},"minecraft:dropped":{"minecraft:filled_map":1,"easy_npc:easy_npc_wand":1},"minecraft:used":{"framedblocks:framed_flat_double_slope_slab_corner":1,"minecraft:wooden_axe":1,"minecraft:netherite_sword":13,"laendli_transport:item_boxcannon":1,"walkietalkie:speaker":1,"laendli_transport:clothing_c_1_bomber_helmet":1,"minecraft:smooth_quartz_slab":1,"laendli_transport:item_airship":2,"realismvehicle:audi_e_tron_gt":1,"minecraft:oak_planks":6,"alexsmobs:spawn_egg_guster":2,"tacz:gun_smith_table":1,"minecraft:gray_concrete":8,"minecraft:smooth_quartz":1,"supplementaries:slice_map":1,"railways:iron_wrapped_locometal_boiler":1,"laendli_transport:clothing_c_1_bomber_chestplate":1},"minecraft:picked_up":{"alexsmobs:guster_eye":1,"minecraft:rotten_flesh":2}},"DataVersion":3465}