{"stats":{"minecraft:killed":{"minecraft:skeleton":1,"minecraft:zombie":3,"minecraft:spider":3,"minecraft:creeper":1,"minecraft:enderman":1,"laendli_transport:airship":1},"minecraft:mined":{"minecraft:dark_oak_planks":1},"minecraft:custom":{"minecraft:time_since_rest":81247,"minecraft:sprint_one_cm":46319,"minecraft:walk_one_cm":118954,"minecraft:mob_kills":10,"minecraft:drop":4,"minecraft:damage_dealt":2029,"minecraft:fly_one_cm":507161,"minecraft:crouch_one_cm":7803,"minecraft:play_time":81247,"minecraft:sneak_time":3591,"minecraft:walk_under_water_one_cm":63,"minecraft:aviate_one_cm":58208,"minecraft:jump":231,"minecraft:walk_on_water_one_cm":144,"minecraft:time_since_death":81247,"minecraft:total_world_time":81247},"minecraft:dropped":{"minecraft:filled_map":1,"easy_npc:easy_npc_wand":1,"minecraft:composter":1,"minecraft:spider_eye":1},"minecraft:used":{"framedblocks:framed_flat_double_slope_slab_corner":1,"minecraft:wooden_axe":1,"minecraft:netherite_sword":30,"minecraft:cyan_terracotta":8,"laendli_transport:item_boxcannon":1,"laendli_transport:clothing_c_1_bomber_helmet":2,"minecraft:light_gray_concrete":8,"minecraft:smooth_quartz_slab":1,"minecraft:grass_block":7,"minecraft:elytra":1,"laendli_transport:clothing_b_2_helmet":1,"minecraft:oak_planks":6,"realismvehicle:audi_e_tron_gt":1,"minecraft:polished_andesite_stairs":10,"framedblocks:framed_corner_pillar":5,"tacz:gun_smith_table":1,"minecraft:stone":20,"minecraft:composter":5,"minecraft:smooth_quartz":1,"laendli_transport:clothing_b_2_chestplate":1,"railways:iron_wrapped_locometal_boiler":1,"laendli_transport:clothing_c_1_bomber_chestplate":1,"minecraft:stone_bricks":1,"laendli_transport:clothing_b_2_leggings":1,"laendli_transport:clothing_a_armor_leggings":1,"easy_npc:humanoid_slim_spawn_egg":1,"walkietalkie:speaker":1,"minecraft:blue_stained_glass":2,"laendli_transport:item_airship":2,"laendli_transport:clothing_a_armor_chestplate":1,"minecraft:glass_pane":2,"minecraft:smooth_stone_slab":66,"alexsmobs:spawn_egg_guster":2,"minecraft:gray_concrete":8,"supplementaries:slice_map":1},"minecraft:picked_up":{"minecraft:spider_eye":3,"minecraft:arrow":2,"minecraft:bone":1,"alexsmobs:guster_eye":1,"minecraft:rotten_flesh":3,"minecraft:wheat_seeds":108}},"DataVersion":3465}