{"stats":{"minecraft:used":{"minecraft:moss_block":2,"minecraft:netherite_sword":2,"minecraft:iron_bars":138,"minecraft:orange_concrete":43,"minecraft:smooth_quartz_slab":1,"immersive_aircraft:airship":1,"minecraft:oak_sign":2,"minecraft:white_concrete_powder":117,"minecraft:spruce_planks":17,"create:cuckoo_clock":1,"minecraft:stone":154,"alexsmobs:spawn_egg_enderiophage":1,"alexsmobs:spawn_egg_cockroach":1,"immersive_aircraft:warship":1,"create:white_valve_handle":1,"minecraft:smooth_sandstone_stairs":5,"supplementaries:safe":1,"immersive_aircraft:quadrocopter":5,"minecraft:torch":52,"minecraft:dirt":41,"alexsmobs:maraca":61,"alexsmobs:ender_residue":2,"minecraft:cocoa_beans":13,"minecraft:spruce_stairs":6,"minecraft:jungle_slab":12,"laendli_transport:structure_trigger_block_1":1,"alexsmobs:capsid":1,"laendli_transport:parachute_backpack_chestplate":1,"minecraft:spruce_fence":6,"minecraft:granite":20,"easy_npc:humanoid_spawn_egg":5,"minecraft:blue_concrete":29,"minecraft:glass":41,"minecraft:stone_brick_slab":10,"alexsmobs:maggot":2,"minecraft:sea_lantern":21,"automobility:dash_panel":7,"minecraft:bricks":110,"minecraft:quartz_pillar":31,"minecraft:jungle_log":64,"minecraft:black_stained_glass_pane":13,"minecraft:lantern":17,"minecraft:grass_block":296,"minecraft:rooted_dirt":167,"minecraft:smooth_sandstone":166,"supplementaries:timber_brace":1,"minecraft:polished_andesite_stairs":1,"realismvehicle:audi_e_tron_gt":1,"laendli_transport:item_aircoupe":1,"laendli_transport:item_truck":1,"minecraft:dark_oak_leaves":169,"supplementaries:red_merchant_spawn_egg":1,"minecraft:gray_concrete_powder":9,"minecraft:smooth_quartz":38,"easy_npc:easy_npc_spawner":1,"minecraft:stone_brick_stairs":65,"minecraft:stone_bricks":39,"supplementaries:bomb_blue":2,"alexsmobs:spawn_egg_endergrade":1,"minecraft:podzol":20,"alexsmobs:novelty_hat":1,"laendli_transport:hosegun_tank_chestplate":1,"alexsmobs:spawn_egg_roadrunner":1,"supplementaries:statue":4,"alexsmobs:unsettling_kimono":1,"immersive_aircraft:biplane":5,"create:white_toolbox":1,"minecraft:enchanted_golden_apple":12,"alexsmobs:spawn_egg_soul_vulture":4,"minecraft:water_bucket":4,"supplementaries:lapis_bricks":44,"minecraft:end_rod":12,"railways:semaphore":8,"laendli_transport:item_boxcannon":1,"minecraft:sandstone_stairs":1,"supplementaries:netherite_door":6,"minecraft:oak_planks":92,"supplementaries:notice_board":1,"minecraft:sandstone":155,"minecraft:cut_sandstone":7,"minecraft:sheep_spawn_egg":3,"minecraft:red_glazed_terracotta":4,"create:mysterious_cuckoo_clock":2,"minecraft:cracked_stone_bricks":62,"supplementaries:hat_stand":1,"supplementaries:timber_frame":1,"minecraft:smooth_quartz_stairs":16,"immersive_aircraft:cargo_airship":1,"minecraft:jungle_wood":39,"minecraft:sand":259,"alexsmobs:spawn_egg_mimicube":2,"minecraft:light_blue_concrete":250,"supplementaries:bomb":5,"laendli_transport:item_bike":1,"minecraft:stone_brick_wall":1,"minecraft:gray_concrete":2,"minecraft:painting":7,"minecraft:black_concrete_powder":19,"minecraft:spruce_log":1,"minecraft:dark_oak_door":1,"minecraft:creeper_spawn_egg":1,"realismvehicle:bmwm_4":1,"minecraft:black_concrete":92,"minecraft:gray_stained_glass_pane":4,"minecraft:light_gray_concrete":4,"minecraft:pig_spawn_egg":1,"supplementaries:clock_block":2,"minecraft:netherite_axe":44,"minecraft:jungle_stairs":10,"supplementaries:iron_gate":9,"minecraft:spruce_sapling":1,"minecraft:gravel":244,"broxxoniamod:caravella_spawn_egg":3,"minecraft:cobblestone":171,"minecraft:potion":4,"broxxoniamod:tsudu_spawn_egg":5,"walkietalkie:speaker":1,"supplementaries:timber_cross_brace":1,"minecraft:andesite_stairs":188,"minecraft:andesite":161,"minecraft:glass_pane":24,"minecraft:smooth_stone_slab":96,"alexsmobs:spawn_egg_gazelle":1,"minecraft:white_concrete":348,"minecraft:coarse_dirt":182,"minecraft:smooth_stone":313,"minecraft:bone_meal":21},"minecraft:picked_up":{"minecraft:cocoa_beans":38,"alexsmobs:maraca":1,"minecraft:string":8,"minecraft:orange_concrete":1,"immersive_aircraft:biplane":2,"supplementaries:statue":1,"minecraft:smooth_stone":1,"minecraft:beef":2,"minecraft:porkchop":4,"minecraft:blue_carpet":66,"minecraft:arrow":1,"minecraft:rotten_flesh":4,"alexsmobs:capsid":1,"minecraft:sandstone_stairs":1,"minecraft:saddle":1,"minecraft:mutton":5,"minecraft:white_wool":4,"minecraft:feather":1,"minecraft:iron_door":2,"minecraft:cut_sandstone":1,"minecraft:gunpowder":2,"artifacts:flippers":1,"minecraft:bone":2,"minecraft:wheat_seeds":96,"minecraft:rabbit_hide":1,"minecraft:rabbit":1,"alexsmobs:sombrero":1,"minecraft:sand":1,"laendli_transport:ammunition_cannon_1":1,"minecraft:spider_eye":2,"tacz:modern_kinetic_gun":5,"immersive_aircraft:quadrocopter":1,"alexsmobs:banana_slug_slime":1,"alexsmobs:maggot":8},"minecraft:dropped":{"walkietalkie:wooden_walkietalkie":1,"minecraft:sandstone_stairs":1,"artifacts:cloud_in_a_bottle":1,"artifacts:flippers":1,"walkietalkie:netherite_walkietalkie":1,"minecraft:cut_sandstone":1,"tacz:modern_kinetic_gun":7,"minecraft:black_concrete":1,"minecraft:smooth_sandstone":1,"automobility:automobile":1,"artifacts:bunny_hoppers":1,"alexsmobs:maggot":1,"minecraft:orange_concrete":1,"laendli_transport:parachute_backpack_chestplate":2,"minecraft:sandstone":1},"minecraft:killed_by":{"minecraft:player":1},"minecraft:mined":{"minecraft:granite":203,"minecraft:grass_block":4706,"minecraft:white_concrete":7,"minecraft:large_fern":2,"minecraft:orange_concrete":1,"minecraft:iron_ore":4,"minecraft:andesite":5,"minecraft:black_concrete":1,"minecraft:stone":1255,"minecraft:cut_sandstone":47,"minecraft:smooth_sandstone":428,"minecraft:polished_andesite_stairs":388,"minecraft:copper_ore":4,"minecraft:tall_grass":37,"minecraft:oak_planks":2,"minecraft:diorite":17,"minecraft:stone_brick_stairs":10,"minecraft:grass":16,"minecraft:coal_ore":5,"minecraft:dirt":2097,"minecraft:fern":6},"minecraft:killed":{"alexsmobs:mimicube":1,"alexsmobs:lobster":10,"minecraft:spider":4,"alexsmobs:enderiophage":1,"alexsmobs:tasmanian_devil":1,"broxxoniamod:tsudu":1,"laendli_transport:airship":1,"minecraft:skeleton":6,"alexsmobs:soul_vulture":2,"alexsmobs:guster":2,"minecraft:pig":7,"alexsmobs:grizzly_bear":2,"supplementaries:red_merchant":1,"minecraft:wandering_trader":2,"minecraft:strider":12,"easy_npc:humanoid":1,"minecraft:creeper":6,"alexsmobs:endergrade":1,"minecraft:sheep":8,"minecraft:trader_llama":4,"minecraft:zombie":8,"alexsmobs:roadrunner":1,"alexsmobs:fly":9,"alexsmobs:crow":4,"broxxoniamod:caravella":1,"minecraft:cow":1},"minecraft:custom":{"minecraft:mob_kills":97,"minecraft:damage_dealt_resisted":14,"minecraft:leave_game":47,"minecraft:time_since_death":5056,"minecraft:climb_one_cm":18531,"minecraft:damage_resisted":224,"minecraft:sprint_one_cm":1073563,"minecraft:walk_one_cm":1065959,"minecraft:drop":23,"minecraft:damage_dealt_absorbed":160,"minecraft:talked_to_villager":1,"minecraft:play_time":657281,"minecraft:deaths":9,"minecraft:sneak_time":12585,"minecraft:walk_under_water_one_cm":14868,"minecraft:jump":3947,"minecraft:walk_on_water_one_cm":7524,"minecraft:total_world_time":657281,"minecraft:time_since_rest":5224,"minecraft:damage_taken":2396,"minecraft:damage_absorbed":442,"minecraft:damage_dealt":5236,"minecraft:fly_one_cm":7895817,"minecraft:swim_one_cm":15707,"minecraft:player_kills":7,"minecraft:open_chest":5,"minecraft:crouch_one_cm":21035,"minecraft:fall_one_cm":80419}},"DataVersion":3465}