{"stats":{"minecraft:killed":{"alexsmobs:mimicube":1,"alexsmobs:lobster":10,"minecraft:spider":1,"alexsmobs:enderiophage":1,"alexsmobs:tasmanian_devil":1,"laendli_transport:airship":1,"alexsmobs:soul_vulture":2,"alexsmobs:guster":2,"minecraft:pig":1,"supplementaries:red_merchant":1,"minecraft:wandering_trader":2,"minecraft:creeper":2,"alexsmobs:endergrade":1,"minecraft:sheep":2,"minecraft:trader_llama":4,"minecraft:zombie":4,"alexsmobs:roadrunner":1,"alexsmobs:fly":9,"alexsmobs:crow":3,"broxxoniamod:caravella":1,"minecraft:cow":1},"minecraft:mined":{"minecraft:granite":203,"minecraft:grass_block":3027,"minecraft:large_fern":2,"minecraft:orange_concrete":1,"minecraft:iron_ore":4,"minecraft:andesite":5,"minecraft:black_concrete":1,"minecraft:stone":1255,"minecraft:cut_sandstone":47,"minecraft:smooth_sandstone":428,"minecraft:polished_andesite_stairs":388,"minecraft:copper_ore":4,"minecraft:tall_grass":37,"minecraft:diorite":17,"minecraft:grass":16,"minecraft:coal_ore":5,"minecraft:dirt":2091,"minecraft:fern":6},"minecraft:custom":{"minecraft:mob_kills":51,"minecraft:damage_dealt_resisted":14,"minecraft:leave_game":43,"minecraft:time_since_death":6669,"minecraft:climb_one_cm":17878,"minecraft:damage_resisted":195,"minecraft:sprint_one_cm":757817,"minecraft:walk_one_cm":697857,"minecraft:drop":23,"minecraft:damage_dealt_absorbed":160,"minecraft:talked_to_villager":1,"minecraft:play_time":510049,"minecraft:deaths":7,"minecraft:sneak_time":10880,"minecraft:walk_under_water_one_cm":14395,"minecraft:jump":2944,"minecraft:walk_on_water_one_cm":6492,"minecraft:total_world_time":510049,"minecraft:time_since_rest":6698,"minecraft:damage_taken":1590,"minecraft:damage_absorbed":325,"minecraft:damage_dealt":1873,"minecraft:swim_one_cm":15707,"minecraft:fly_one_cm":6687972,"minecraft:player_kills":5,"minecraft:open_chest":5,"minecraft:crouch_one_cm":18753,"minecraft:fall_one_cm":73822},"minecraft:killed_by":{"minecraft:player":1},"minecraft:dropped":{"walkietalkie:wooden_walkietalkie":1,"minecraft:sandstone_stairs":1,"artifacts:cloud_in_a_bottle":1,"artifacts:flippers":1,"walkietalkie:netherite_walkietalkie":1,"minecraft:cut_sandstone":1,"tacz:modern_kinetic_gun":7,"minecraft:black_concrete":1,"minecraft:smooth_sandstone":1,"automobility:automobile":1,"artifacts:bunny_hoppers":1,"alexsmobs:maggot":1,"minecraft:orange_concrete":1,"laendli_transport:parachute_backpack_chestplate":2,"minecraft:sandstone":1},"minecraft:used":{"minecraft:netherite_sword":2,"minecraft:iron_bars":110,"minecraft:orange_concrete":43,"minecraft:smooth_quartz_slab":1,"immersive_aircraft:airship":1,"minecraft:oak_sign":2,"create:cuckoo_clock":1,"minecraft:stone":14,"alexsmobs:spawn_egg_enderiophage":1,"alexsmobs:spawn_egg_cockroach":1,"immersive_aircraft:warship":1,"supplementaries:safe":1,"immersive_aircraft:quadrocopter":5,"alexsmobs:ender_residue":2,"minecraft:dirt":26,"alexsmobs:maraca":61,"minecraft:cocoa_beans":13,"minecraft:jungle_slab":12,"laendli_transport:structure_trigger_block_1":1,"laendli_transport:parachute_backpack_chestplate":1,"alexsmobs:capsid":1,"easy_npc:humanoid_spawn_egg":1,"minecraft:blue_concrete":26,"minecraft:glass":41,"alexsmobs:maggot":2,"minecraft:sea_lantern":21,"automobility:dash_panel":7,"minecraft:black_stained_glass_pane":13,"minecraft:grass_block":167,"realismvehicle:audi_e_tron_gt":1,"laendli_transport:item_aircoupe":1,"supplementaries:timber_brace":1,"minecraft:smooth_sandstone":166,"minecraft:polished_andesite_stairs":1,"minecraft:jungle_log":64,"laendli_transport:item_truck":1,"minecraft:dark_oak_leaves":169,"supplementaries:red_merchant_spawn_egg":1,"minecraft:smooth_quartz":38,"easy_npc:easy_npc_spawner":1,"minecraft:stone_bricks":39,"supplementaries:bomb_blue":2,"alexsmobs:spawn_egg_endergrade":1,"laendli_transport:hosegun_tank_chestplate":1,"alexsmobs:spawn_egg_roadrunner":1,"supplementaries:statue":4,"immersive_aircraft:biplane":5,"minecraft:enchanted_golden_apple":7,"alexsmobs:spawn_egg_soul_vulture":4,"minecraft:water_bucket":4,"minecraft:end_rod":12,"railways:semaphore":8,"laendli_transport:item_boxcannon":1,"minecraft:sandstone_stairs":1,"supplementaries:notice_board":1,"minecraft:sandstone":155,"minecraft:cut_sandstone":7,"minecraft:sheep_spawn_egg":3,"minecraft:red_glazed_terracotta":4,"create:mysterious_cuckoo_clock":2,"supplementaries:hat_stand":1,"supplementaries:timber_frame":1,"immersive_aircraft:cargo_airship":1,"minecraft:jungle_wood":39,"minecraft:sand":259,"alexsmobs:spawn_egg_mimicube":2,"supplementaries:bomb":5,"laendli_transport:item_bike":1,"minecraft:gray_concrete":2,"minecraft:painting":7,"minecraft:black_concrete_powder":1,"minecraft:creeper_spawn_egg":1,"realismvehicle:bmwm_4":1,"minecraft:black_concrete":82,"minecraft:gray_stained_glass_pane":4,"supplementaries:clock_block":2,"minecraft:netherite_axe":10,"minecraft:jungle_stairs":10,"broxxoniamod:caravella_spawn_egg":3,"minecraft:potion":4,"broxxoniamod:tsudu_spawn_egg":1,"walkietalkie:speaker":1,"supplementaries:timber_cross_brace":1,"minecraft:glass_pane":11,"minecraft:smooth_stone_slab":96,"alexsmobs:spawn_egg_gazelle":1,"minecraft:white_concrete":150,"minecraft:smooth_stone":298},"minecraft:picked_up":{"minecraft:cocoa_beans":38,"alexsmobs:maraca":1,"minecraft:string":1,"minecraft:orange_concrete":1,"immersive_aircraft:biplane":2,"supplementaries:statue":1,"minecraft:beef":2,"minecraft:porkchop":3,"minecraft:blue_carpet":66,"minecraft:rotten_flesh":2,"alexsmobs:capsid":1,"minecraft:sandstone_stairs":1,"minecraft:mutton":2,"minecraft:white_wool":2,"minecraft:iron_door":2,"minecraft:cut_sandstone":1,"minecraft:gunpowder":1,"artifacts:flippers":1,"minecraft:wheat_seeds":5,"alexsmobs:sombrero":1,"minecraft:sand":1,"laendli_transport:ammunition_cannon_1":1,"tacz:modern_kinetic_gun":5,"immersive_aircraft:quadrocopter":1,"alexsmobs:maggot":8,"alexsmobs:banana_slug_slime":1}},"DataVersion":3465}