{"stats":{"minecraft:killed":{"alexsmobs:mimicube":1,"alexsmobs:lobster":10,"minecraft:pig":1,"minecraft:spider":1,"alexsmobs:enderiophage":1,"minecraft:wandering_trader":2,"alexsmobs:tasmanian_devil":1,"minecraft:creeper":2,"alexsmobs:endergrade":1,"minecraft:sheep":1,"minecraft:trader_llama":4,"minecraft:zombie":4,"alexsmobs:roadrunner":1,"alexsmobs:soul_vulture":2,"alexsmobs:fly":9,"alexsmobs:crow":3,"minecraft:cow":1},"minecraft:picked_up":{"minecraft:cocoa_beans":38,"alexsmobs:maraca":1,"minecraft:iron_door":2,"minecraft:cut_sandstone":1,"minecraft:string":1,"artifacts:flippers":1,"minecraft:orange_concrete":1,"immersive_aircraft:biplane":2,"supplementaries:statue":1,"minecraft:wheat_seeds":1,"minecraft:beef":2,"alexsmobs:sombrero":1,"minecraft:porkchop":3,"minecraft:blue_carpet":66,"minecraft:rotten_flesh":2,"tacz:modern_kinetic_gun":5,"alexsmobs:capsid":1,"minecraft:sandstone_stairs":1,"immersive_aircraft:quadrocopter":1,"alexsmobs:maggot":8,"alexsmobs:banana_slug_slime":1,"minecraft:mutton":1,"minecraft:white_wool":1},"minecraft:killed_by":{"minecraft:player":1},"minecraft:custom":{"minecraft:mob_kills":45,"minecraft:damage_dealt_resisted":14,"minecraft:leave_game":42,"minecraft:time_since_death":103577,"minecraft:climb_one_cm":17878,"minecraft:damage_resisted":195,"minecraft:time_since_rest":103621,"minecraft:sprint_one_cm":644247,"minecraft:walk_one_cm":595265,"minecraft:damage_taken":1590,"minecraft:damage_absorbed":325,"minecraft:drop":22,"minecraft:damage_dealt":634,"minecraft:damage_dealt_absorbed":160,"minecraft:swim_one_cm":15707,"minecraft:fly_one_cm":5588750,"minecraft:player_kills":5,"minecraft:open_chest":5,"minecraft:crouch_one_cm":15510,"minecraft:play_time":448703,"minecraft:deaths":6,"minecraft:sneak_time":9364,"minecraft:walk_under_water_one_cm":14395,"minecraft:jump":2419,"minecraft:walk_on_water_one_cm":6492,"minecraft:total_world_time":448703,"minecraft:fall_one_cm":73822},"minecraft:mined":{"minecraft:cut_sandstone":47,"minecraft:smooth_sandstone":428,"minecraft:granite":203,"minecraft:grass_block":3027,"minecraft:polished_andesite_stairs":388,"minecraft:tall_grass":37,"minecraft:copper_ore":4,"minecraft:diorite":17,"minecraft:large_fern":2,"minecraft:orange_concrete":1,"minecraft:iron_ore":4,"minecraft:andesite":5,"minecraft:black_concrete":1,"minecraft:grass":16,"minecraft:coal_ore":5,"minecraft:dirt":2091,"minecraft:stone":1255,"minecraft:fern":6},"minecraft:dropped":{"walkietalkie:wooden_walkietalkie":1,"alexsmobs:maggot":1,"minecraft:sandstone_stairs":1,"minecraft:orange_concrete":1,"artifacts:cloud_in_a_bottle":1,"laendli_transport:parachute_backpack_chestplate":2,"artifacts:flippers":1,"walkietalkie:netherite_walkietalkie":1,"minecraft:cut_sandstone":1,"tacz:modern_kinetic_gun":7,"minecraft:sandstone":1,"minecraft:smooth_sandstone":1,"automobility:automobile":1,"artifacts:bunny_hoppers":1},"minecraft:used":{"alexsmobs:spawn_egg_soul_vulture":4,"minecraft:water_bucket":4,"minecraft:netherite_sword":2,"minecraft:end_rod":2,"minecraft:iron_bars":110,"railways:semaphore":8,"laendli_transport:item_boxcannon":1,"minecraft:sandstone_stairs":1,"minecraft:orange_concrete":43,"immersive_aircraft:airship":1,"minecraft:oak_sign":2,"minecraft:sandstone":154,"create:cuckoo_clock":1,"minecraft:stone":14,"minecraft:cut_sandstone":7,"minecraft:sheep_spawn_egg":1,"alexsmobs:spawn_egg_enderiophage":1,"alexsmobs:spawn_egg_cockroach":1,"create:mysterious_cuckoo_clock":2,"immersive_aircraft:warship":1,"supplementaries:safe":1,"supplementaries:timber_frame":1,"supplementaries:hat_stand":1,"immersive_aircraft:quadrocopter":4,"immersive_aircraft:cargo_airship":1,"minecraft:jungle_wood":39,"minecraft:dirt":3,"alexsmobs:maraca":61,"minecraft:sand":259,"alexsmobs:ender_residue":2,"minecraft:cocoa_beans":13,"alexsmobs:spawn_egg_mimicube":2,"supplementaries:bomb":5,"minecraft:jungle_slab":12,"laendli_transport:item_bike":1,"laendli_transport:parachute_backpack_chestplate":1,"alexsmobs:capsid":1,"minecraft:black_concrete_powder":1,"minecraft:blue_concrete":26,"minecraft:creeper_spawn_egg":1,"realismvehicle:bmwm_4":1,"minecraft:glass":41,"alexsmobs:maggot":2,"minecraft:sea_lantern":21,"minecraft:black_concrete":76,"automobility:dash_panel":7,"minecraft:jungle_log":64,"minecraft:smooth_sandstone":166,"minecraft:polished_andesite_stairs":1,"supplementaries:timber_brace":1,"minecraft:grass_block":82,"laendli_transport:item_aircoupe":1,"realismvehicle:audi_e_tron_gt":1,"supplementaries:clock_block":1,"laendli_transport:item_truck":1,"minecraft:jungle_stairs":10,"minecraft:dark_oak_leaves":169,"minecraft:smooth_quartz":34,"minecraft:stone_bricks":39,"supplementaries:bomb_blue":2,"alexsmobs:spawn_egg_endergrade":1,"minecraft:potion":4,"walkietalkie:speaker":1,"supplementaries:timber_cross_brace":1,"alexsmobs:spawn_egg_roadrunner":1,"minecraft:glass_pane":9,"minecraft:white_concrete":150,"laendli_transport:hosegun_tank_chestplate":1,"minecraft:smooth_stone_slab":18,"alexsmobs:spawn_egg_gazelle":1,"supplementaries:statue":4,"immersive_aircraft:biplane":4,"minecraft:enchanted_golden_apple":7,"minecraft:smooth_stone":124}},"DataVersion":3465}