{
  "__COMMENT1": "To apply this configuration to all newly generated worlds",
  "__COMMENT2": "please place this configuration file into your config directory",
  "__COMMENT3": "with the following name: cpm-server-default.json",
  "skins": {},
  "player_scaling": {
    "d69579ea-ca37-35c9-b91c-43b8ce3dbde4": {},
    "aa8477b7-cd4d-32fa-a360-6c69e945bb68": {},
    "a21dea7a-60bd-39ac-bc0f-6a391a0c4424": {},
    "2ef42b87-ce56-31c3-b745-5744eb2cc8c6": {},
    "d3884ab6-38f9-38f2-8acc-25fa83f23bbe": {
      "flight": 1.0,
      "mob_vis": 1.0,
      "motion": 1.0,
      "defense": 1.0,
      "reach": 1.0,
      "attack": 1.0,
      "akb": 1.0,
      "health": 1.0,
      "kbr": 1.0,
      "stepHeight": 1.0,
      "asp": 1.0
    }
  },
  "player_scaling_settings": {},
  "scaling_settings": {
    "motion": {},
    "mob_visibility": {},
    "defense": {},
    "attack_knockback": {},
    "flight_speed": {},
    "step_height": {},
    "knockback_resist": {},
    "reach": {},
    "health": {},
    "attack_speed": {},
    "attack_dmg": {}
  }
}