{
  "minecraft:recipes/building_blocks/stone_bricks": {
    "criteria": {
      "has_stone": "2024-08-03 21:59:50 +0000"
    },
    "done": true
  },
  "supplementaries:recipes/soap/map": {
    "criteria": {
      "has_filled_map": "2024-08-03 21:55:31 +0000"
    },
    "done": true
  },
  "minecraft:recipes/building_blocks/smooth_quartz_slab": {
    "criteria": {
      "has_smooth_quartz": "2024-08-03 22:18:36 +0000"
    },
    "done": true
  },
  "minecraft:recipes/decorations/oak_sign": {
    "criteria": {
      "has_planks": "2024-08-03 21:56:27 +0000"
    },
    "done": true
  },
  "create:recipes/building_blocks/dark_oak_window": {
    "criteria": {
      "has_ingredient": "2024-08-03 22:01:42 +0000"
    },
    "done": true
  },
  "railways:recipes/misc/crafting/palettes/dyeing_1x/green_iron_wrapped_locometal_boiler": {
    "criteria": {
      "has_item": "2024-08-03 22:07:41 +0000"
    },
    "done": true
  },
  "laendli_transport:advancement_industrialrevolution": {
    "criteria": {
      "advancement_industrialrevolution": "2024-08-03 22:06:17 +0000"
    },
    "done": true
  },
  "railways:recipes/misc/crafting/palettes/dyeing_8x/green_iron_wrapped_locometal_boiler": {
    "criteria": {
      "has_item": "2024-08-03 22:07:41 +0000"
    },
    "done": true
  },
  "create:root": {
    "criteria": {
      "0": "2024-08-03 21:46:13 +0000"
    },
    "done": true
  },
  "supplementaries:recipes/lock_block": {
    "criteria": {
      "minecraft:planks": "2024-08-03 21:56:27 +0000"
    },
    "done": true
  },
  "minecraft:recipes/building_blocks/stone_brick_stairs": {
    "criteria": {
      "has_stone_bricks": "2024-08-03 22:00:26 +0000"
    },
    "done": true
  },
  "minecraft:recipes/building_blocks/stone_bricks_from_stone_stonecutting": {
    "criteria": {
      "has_stone": "2024-08-03 21:59:50 +0000"
    },
    "done": true
  },
  "minecraft:recipes/building_blocks/stone_slab": {
    "criteria": {
      "has_stone": "2024-08-03 21:59:50 +0000"
    },
    "done": true
  },
  "framedblocks:recipes/building_blocks/framed_flat_inv_double_slope_slab_corner": {
    "criteria": {
      "hasFramedFlatDoubleSlopeSlabCorner": "2024-08-03 22:18:33 +0000"
    },
    "done": true
  },
  "minecraft:recipes/decorations/crafting_table": {
    "criteria": {
      "unlock_right_away": "2024-08-03 21:46:13 +0000"
    },
    "done": true
  },
  "supplementaries:recipes/decorations/sign_post_dark_oak": {
    "criteria": {
      "has_planks": "2024-08-03 22:01:42 +0000"
    },
    "done": true
  },
  "minecraft:recipes/misc/stick": {
    "criteria": {
      "has_planks": "2024-08-03 21:56:27 +0000"
    },
    "done": true
  },
  "railways:recipes/misc/crafting/palettes/dyeing_8x/orange_iron_wrapped_locometal_boiler": {
    "criteria": {
      "has_item": "2024-08-03 22:07:41 +0000"
    },
    "done": true
  },
  "minecraft:recipes/building_blocks/stone_stairs_from_stone_stonecutting": {
    "criteria": {
      "has_stone": "2024-08-03 21:59:50 +0000"
    },
    "done": true
  },
  "minecraft:adventure/kill_all_mobs": {
    "criteria": {
      "minecraft:enderman": "2024-08-03 22:16:09 +0000",
      "minecraft:zombie": "2024-08-03 21:59:06 +0000"
    },
    "done": false
  },
  "minecraft:recipes/redstone/stone_button": {
    "criteria": {
      "has_stone": "2024-08-03 21:59:50 +0000"
    },
    "done": true
  },
  "railways:recipes/misc/crafting/palettes/dyeing_1x/pink_iron_wrapped_locometal_boiler": {
    "criteria": {
      "has_item": "2024-08-03 22:07:41 +0000"
    },
    "done": true
  },
  "minecraft:recipes/redstone/stone_pressure_plate": {
    "criteria": {
      "has_stone": "2024-08-03 21:59:50 +0000"
    },
    "done": true
  },
  "minecraft:recipes/building_blocks/dark_oak_stairs": {
    "criteria": {
      "has_planks": "2024-08-03 22:01:42 +0000"
    },
    "done": true
  },
  "railways:recipes/misc/crafting/palettes/dyeing_1x/magenta_iron_wrapped_locometal_boiler": {
    "criteria": {
      "has_item": "2024-08-03 22:07:41 +0000"
    },
    "done": true
  },
  "railways:recipes/misc/crafting/palettes/dyeing_8x/gray_iron_wrapped_locometal_boiler": {
    "criteria": {
      "has_item": "2024-08-03 22:07:41 +0000"
    },
    "done": true
  },
  "railways:recipes/misc/crafting/palettes/dyeing_1x/red_iron_wrapped_locometal_boiler": {
    "criteria": {
      "has_item": "2024-08-03 22:07:41 +0000"
    },
    "done": true
  },
  "railways:recipes/misc/crafting/palettes/dyeing_1x/orange_iron_wrapped_locometal_boiler": {
    "criteria": {
      "has_item": "2024-08-03 22:07:41 +0000"
    },
    "done": true
  },
  "framedblocks:recipes/building_blocks/framed_cube": {
    "criteria": {
      "hasPlanks": "2024-08-03 21:56:27 +0000"
    },
    "done": true
  },
  "minecraft:recipes/redstone/dark_oak_door": {
    "criteria": {
      "has_planks": "2024-08-03 22:01:42 +0000"
    },
    "done": true
  },
  "supplementaries:recipes/pedestal": {
    "criteria": {
      "has_stone_bricks": "2024-08-03 22:00:26 +0000"
    },
    "done": true
  },
  "minecraft:recipes/building_blocks/oak_slab": {
    "criteria": {
      "has_planks": "2024-08-03 21:56:27 +0000"
    },
    "done": true
  },
  "railways:recipes/misc/crafting/palettes/dyeing_8x/brown_iron_wrapped_locometal_boiler": {
    "criteria": {
      "has_item": "2024-08-03 22:07:41 +0000"
    },
    "done": true
  },
  "minecraft:recipes/redstone/oak_fence_gate": {
    "criteria": {
      "has_planks": "2024-08-03 21:56:27 +0000"
    },
    "done": true
  },
  "minecraft:recipes/building_blocks/stone_brick_slab": {
    "criteria": {
      "has_stone_bricks": "2024-08-03 22:00:26 +0000"
    },
    "done": true
  },
  "minecraft:recipes/building_blocks/chiseled_stone_bricks_from_stone_bricks_stonecutting": {
    "criteria": {
      "has_stone_bricks": "2024-08-03 22:00:26 +0000"
    },
    "done": true
  },
  "alexsmobs:alexsmobs/guster": {
    "criteria": {
      "killed_by": "2024-08-03 22:09:47 +0000"
    },
    "done": true
  },
  "railways:recipes/misc/crafting/palettes/dyeing_8x/pink_iron_wrapped_locometal_boiler": {
    "criteria": {
      "has_item": "2024-08-03 22:07:41 +0000"
    },
    "done": true
  },
  "minecraft:recipes/redstone/oak_door": {
    "criteria": {
      "has_planks": "2024-08-03 21:56:27 +0000"
    },
    "done": true
  },
  "supplementaries:recipes/turn_table": {
    "criteria": {
      "minecraft:planks": "2024-08-03 21:56:27 +0000"
    },
    "done": true
  },
  "railways:recipes/misc/crafting/palettes/dyeing_8x/black_iron_wrapped_locometal_boiler": {
    "criteria": {
      "has_item": "2024-08-03 22:07:41 +0000"
    },
    "done": true
  },
  "railways:recipes/misc/crafting/palettes/dyeing_1x/light_gray_iron_wrapped_locometal_boiler": {
    "criteria": {
      "has_item": "2024-08-03 22:07:41 +0000"
    },
    "done": true
  },
  "minecraft:adventure/root": {
    "criteria": {
      "killed_something": "2024-08-03 21:50:41 +0000"
    },
    "done": true
  },
  "supplementaries:recipes/clock_block": {
    "criteria": {
      "minecraft:planks": "2024-08-03 21:56:27 +0000"
    },
    "done": true
  },
  "minecraft:recipes/decorations/barrel": {
    "criteria": {
      "has_planks": "2024-08-03 21:56:27 +0000"
    },
    "done": true
  },
  "supplementaries:recipes/stone_tile": {
    "criteria": {
      "has_stone_bricks": "2024-08-03 22:00:26 +0000"
    },
    "done": true
  },
  "railways:recipes/misc/crafting/palettes/dyeing_8x/light_blue_iron_wrapped_locometal_boiler": {
    "criteria": {
      "has_item": "2024-08-03 22:07:41 +0000"
    },
    "done": true
  },
  "railways:recipes/misc/crafting/palettes/dyeing_8x/blue_iron_wrapped_locometal_boiler": {
    "criteria": {
      "has_item": "2024-08-03 22:07:41 +0000"
    },
    "done": true
  },
  "minecraft:recipes/decorations/dark_oak_sign": {
    "criteria": {
      "has_planks": "2024-08-03 22:01:42 +0000"
    },
    "done": true
  },
  "supplementaries:recipes/stone_lamp": {
    "criteria": {
      "has_stone": "2024-08-03 21:59:50 +0000"
    },
    "done": true
  },
  "minecraft:recipes/building_blocks/smooth_quartz_stairs": {
    "criteria": {
      "has_smooth_quartz": "2024-08-03 22:18:36 +0000"
    },
    "done": true
  },
  "railways:recipes/misc/crafting/palettes/dyeing_8x/lime_iron_wrapped_locometal_boiler": {
    "criteria": {
      "has_item": "2024-08-03 22:07:41 +0000"
    },
    "done": true
  },
  "minecraft:recipes/building_blocks/stone_stairs": {
    "criteria": {
      "has_stone": "2024-08-03 21:59:50 +0000"
    },
    "done": true
  },
  "railways:recipes/misc/crafting/palettes/dyeing_8x/red_iron_wrapped_locometal_boiler": {
    "criteria": {
      "has_item": "2024-08-03 22:07:41 +0000"
    },
    "done": true
  },
  "farmersdelight:recipes/cooking/dog_food": {
    "criteria": {
      "has_any_ingredient": "2024-08-03 21:59:06 +0000"
    },
    "done": true
  },
  "minecraft:recipes/building_blocks/smooth_quartz_slab_from_smooth_quartz_stonecutting": {
    "criteria": {
      "has_smooth_quartz": "2024-08-03 22:18:36 +0000"
    },
    "done": true
  },
  "walkietalkie:walkietalkie/diamond_walkietalkie": {
    "criteria": {
      "requirement": "2024-08-03 22:16:23 +0000"
    },
    "done": true
  },
  "minecraft:recipes/decorations/stone_brick_wall": {
    "criteria": {
      "has_stone_bricks": "2024-08-03 22:00:26 +0000"
    },
    "done": true
  },
  "minecraft:recipes/redstone/dark_oak_fence_gate": {
    "criteria": {
      "has_planks": "2024-08-03 22:01:42 +0000"
    },
    "done": true
  },
  "supplementaries:recipes/sign_post_dark_oak": {
    "criteria": {
      "has_the_recipe": "2024-08-03 22:01:42 +0000"
    },
    "done": true
  },
  "minecraft:recipes/redstone/dark_oak_trapdoor": {
    "criteria": {
      "has_planks": "2024-08-03 22:01:42 +0000"
    },
    "done": true
  },
  "minecraft:recipes/redstone/oak_trapdoor": {
    "criteria": {
      "has_planks": "2024-08-03 21:56:27 +0000"
    },
    "done": true
  },
  "railways:recipes/misc/crafting/palettes/dyeing_1x/purple_iron_wrapped_locometal_boiler": {
    "criteria": {
      "has_item": "2024-08-03 22:07:41 +0000"
    },
    "done": true
  },
  "minecraft:recipes/building_blocks/cracked_stone_bricks": {
    "criteria": {
      "has_stone_bricks": "2024-08-03 22:00:26 +0000"
    },
    "done": true
  },
  "walkietalkie:walkietalkie/root": {
    "criteria": {
      "requirement": "2024-08-03 22:16:23 +0000"
    },
    "done": true
  },
  "minecraft:recipes/building_blocks/stone_brick_stairs_from_stone_bricks_stonecutting": {
    "criteria": {
      "has_stone_bricks": "2024-08-03 22:00:26 +0000"
    },
    "done": true
  },
  "minecraft:recipes/building_blocks/chiseled_stone_bricks": {
    "criteria": {
      "has_tag": "2024-08-03 22:00:26 +0000"
    },
    "done": true
  },
  "supplementaries:recipes/bed_from_feather_block": {
    "criteria": {
      "minecraft:planks": "2024-08-03 21:56:27 +0000"
    },
    "done": true
  },
  "minecraft:recipes/redstone/dark_oak_button": {
    "criteria": {
      "has_planks": "2024-08-03 22:01:42 +0000"
    },
    "done": true
  },
  "minecraft:recipes/building_blocks/oak_stairs": {
    "criteria": {
      "has_planks": "2024-08-03 21:56:27 +0000"
    },
    "done": true
  },
  "minecraft:recipes/decorations/oak_fence": {
    "criteria": {
      "has_planks": "2024-08-03 21:56:27 +0000"
    },
    "done": true
  },
  "railways:recipes/misc/crafting/palettes/dyeing_1x/light_blue_iron_wrapped_locometal_boiler": {
    "criteria": {
      "has_item": "2024-08-03 22:07:41 +0000"
    },
    "done": true
  },
  "railways:recipes/misc/crafting/palettes/dyeing_8x/white_iron_wrapped_locometal_boiler": {
    "criteria": {
      "has_item": "2024-08-03 22:07:41 +0000"
    },
    "done": true
  },
  "railways:recipes/misc/crafting/palettes/dyeing_8x/yellow_iron_wrapped_locometal_boiler": {
    "criteria": {
      "has_item": "2024-08-03 22:07:41 +0000"
    },
    "done": true
  },
  "minecraft:recipes/decorations/stonecutter": {
    "criteria": {
      "has_stone": "2024-08-03 21:59:50 +0000"
    },
    "done": true
  },
  "railways:recipes/misc/crafting/palettes/dyeing_1x/cyan_iron_wrapped_locometal_boiler": {
    "criteria": {
      "has_item": "2024-08-03 22:07:41 +0000"
    },
    "done": true
  },
  "supplementaries:recipes/speaker_block": {
    "criteria": {
      "minecraft:planks": "2024-08-03 21:56:27 +0000"
    },
    "done": true
  },
  "minecraft:recipes/building_blocks/smooth_stone": {
    "criteria": {
      "has_stone": "2024-08-03 21:59:50 +0000"
    },
    "done": true
  },
  "railways:recipes/misc/crafting/palettes/dyeing_1x/white_iron_wrapped_locometal_boiler": {
    "criteria": {
      "has_item": "2024-08-03 22:07:41 +0000"
    },
    "done": true
  },
  "minecraft:recipes/decorations/stone_brick_wall_from_stone_bricks_stonecutting": {
    "criteria": {
      "has_stone_bricks": "2024-08-03 22:00:26 +0000"
    },
    "done": true
  },
  "railways:recipes/misc/crafting/palettes/dyeing_8x/light_gray_iron_wrapped_locometal_boiler": {
    "criteria": {
      "has_item": "2024-08-03 22:07:41 +0000"
    },
    "done": true
  },
  "minecraft:recipes/redstone/oak_button": {
    "criteria": {
      "has_planks": "2024-08-03 21:56:27 +0000"
    },
    "done": true
  },
  "minecraft:recipes/redstone/dark_oak_pressure_plate": {
    "criteria": {
      "has_planks": "2024-08-03 22:01:42 +0000"
    },
    "done": true
  },
  "minecraft:recipes/building_blocks/smooth_quartz_stairs_from_smooth_quartz_stonecutting": {
    "criteria": {
      "has_smooth_quartz": "2024-08-03 22:18:36 +0000"
    },
    "done": true
  },
  "minecraft:recipes/decorations/stone_brick_walls_from_stone_stonecutting": {
    "criteria": {
      "has_stone": "2024-08-03 21:59:50 +0000"
    },
    "done": true
  },
  "railways:recipes/misc/crafting/palettes/dyeing_8x/cyan_iron_wrapped_locometal_boiler": {
    "criteria": {
      "has_item": "2024-08-03 22:07:41 +0000"
    },
    "done": true
  },
  "minecraft:recipes/decorations/dark_oak_fence": {
    "criteria": {
      "has_planks": "2024-08-03 22:01:42 +0000"
    },
    "done": true
  },
  "railways:recipes/misc/crafting/palettes/dyeing_8x/purple_iron_wrapped_locometal_boiler": {
    "criteria": {
      "has_item": "2024-08-03 22:07:41 +0000"
    },
    "done": true
  },
  "railways:recipes/misc/crafting/palettes/dyeing_1x/gray_iron_wrapped_locometal_boiler": {
    "criteria": {
      "has_item": "2024-08-03 22:07:41 +0000"
    },
    "done": true
  },
  "minecraft:recipes/building_blocks/dark_oak_slab": {
    "criteria": {
      "has_planks": "2024-08-03 22:01:42 +0000"
    },
    "done": true
  },
  "minecraft:recipes/building_blocks/stone_brick_slab_from_stone_stonecutting": {
    "criteria": {
      "has_stone": "2024-08-03 21:59:50 +0000"
    },
    "done": true
  },
  "railways:recipes/misc/crafting/palettes/dyeing_1x/yellow_iron_wrapped_locometal_boiler": {
    "criteria": {
      "has_item": "2024-08-03 22:07:41 +0000"
    },
    "done": true
  },
  "minecraft:recipes/building_blocks/stone_brick_stairs_from_stone_stonecutting": {
    "criteria": {
      "has_stone": "2024-08-03 21:59:50 +0000"
    },
    "done": true
  },
  "supplementaries:recipes/notice_board": {
    "criteria": {
      "minecraft:planks": "2024-08-03 21:56:27 +0000"
    },
    "done": true
  },
  "railways:recipes/misc/crafting/palettes/dyeing_1x/black_iron_wrapped_locometal_boiler": {
    "criteria": {
      "has_item": "2024-08-03 22:07:41 +0000"
    },
    "done": true
  },
  "minecraft:recipes/building_blocks/stone_brick_slab_from_stone_bricks_stonecutting": {
    "criteria": {
      "has_stone_bricks": "2024-08-03 22:00:26 +0000"
    },
    "done": true
  },
  "minecraft:recipes/building_blocks/stone_slab_from_stone_stonecutting": {
    "criteria": {
      "has_stone": "2024-08-03 21:59:50 +0000"
    },
    "done": true
  },
  "farmersdelight:main/root": {
    "criteria": {
      "seeds": "2024-08-03 21:46:13 +0000"
    },
    "done": true
  },
  "railways:recipes/misc/crafting/palettes/dyeing_1x/brown_iron_wrapped_locometal_boiler": {
    "criteria": {
      "has_item": "2024-08-03 22:07:41 +0000"
    },
    "done": true
  },
  "minecraft:recipes/redstone/oak_pressure_plate": {
    "criteria": {
      "has_planks": "2024-08-03 21:56:27 +0000"
    },
    "done": true
  },
  "framedblocks:recipes/building_blocks/framed_flat_double_slope_slab_corner_rotate_to_framed_flat_double_slope_panel_corner": {
    "criteria": {
      "hasFramedFlatDoubleSlopeSlabCorner": "2024-08-03 22:18:33 +0000"
    },
    "done": true
  },
  "supplementaries:recipes/slice_map": {
    "criteria": {
      "has_map": "2024-08-03 21:55:31 +0000"
    },
    "done": true
  },
  "minecraft:recipes/building_blocks/chiseled_stone_bricks_stone_from_stonecutting": {
    "criteria": {
      "has_stone": "2024-08-03 21:59:50 +0000"
    },
    "done": true
  },
  "farmersdelight:recipes/building_blocks/organic_compost_from_rotten_flesh": {
    "criteria": {
      "has_rotten_flesh": "2024-08-03 21:59:06 +0000"
    },
    "done": true
  },
  "create:recipes/building_blocks/oak_window": {
    "criteria": {
      "has_ingredient": "2024-08-03 21:56:27 +0000"
    },
    "done": true
  },
  "railways:recipes/misc/crafting/palettes/dyeing_1x/lime_iron_wrapped_locometal_boiler": {
    "criteria": {
      "has_item": "2024-08-03 22:07:41 +0000"
    },
    "done": true
  },
  "minecraft:adventure/kill_a_mob": {
    "criteria": {
      "minecraft:zombie": "2024-08-03 21:59:06 +0000"
    },
    "done": true
  },
  "minecraft:adventure/adventuring_time": {
    "criteria": {
      "minecraft:beach": "2024-08-03 22:13:54 +0000",
      "minecraft:forest": "2024-08-03 21:56:58 +0000",
      "minecraft:old_growth_spruce_taiga": "2024-08-03 21:46:13 +0000",
      "minecraft:plains": "2024-08-03 21:51:15 +0000"
    },
    "done": false
  },
  "supplementaries:recipes/pulley": {
    "criteria": {
      "minecraft:planks": "2024-08-03 21:56:27 +0000"
    },
    "done": true
  },
  "supplementaries:recipes/stonecutting/stone_tile": {
    "criteria": {
      "has_stone_bricks": "2024-08-03 22:00:26 +0000"
    },
    "done": true
  },
  "railways:recipes/misc/crafting/palettes/dyeing_1x/blue_iron_wrapped_locometal_boiler": {
    "criteria": {
      "has_item": "2024-08-03 22:07:41 +0000"
    },
    "done": true
  },
  "railways:recipes/misc/crafting/palettes/dyeing_8x/magenta_iron_wrapped_locometal_boiler": {
    "criteria": {
      "has_item": "2024-08-03 22:07:41 +0000"
    },
    "done": true
  },
  "DataVersion": 3465
}